{
  "views": {
    "left": {
      "K": [
        [
          1258.4939885943727,
          0.0,
          655.3579291157758
        ],
        [
          0.0,
          1258.2801290096213,
          509.1000476008892
        ],
        [
          0.0,
          0.0,
          1.0
        ]
      ],
      "dist": [
        [
          -0.5515009811671181,
          0.5781636665271928,
          -0.001643548714124342,
          0.0037264487542169136,
          -0.40246624215916277
        ]
      ]
    },
    "right": {
      "K": [
        [
          1258.4939885943727,
          0.0,
          655.3579291157758
        ],
        [
          0.0,
          1258.2801290096213,
          509.1000476008892
        ],
        [
          0.0,
          0.0,
          1.0
        ]
      ],
      "dist": [
        [
          -0.5515009811671181,
          0.5781636665271928,
          -0.001643548714124342,
          0.0037264487542169136,
          -0.40246624215916277
        ]
      ]
    }
  },
  "relative_pose": {
    "R": [
      [
        0.9987219358926075,
        -0.0007670268613101093,
        -0.050536189376686386
      ],
      [
        -0.0009897220653084478,
        0.999396310897444,
        -0.034728003323152366
      ],
      [
        0.0505323185412635,
        0.03473363549030636,
        0.9981182592000162
      ]
    ],
    "T": [
      [
        11.991812240469235
      ],
      [
        0.6439511868380962
      ],
      [
        1.239601519329197
      ]
    ]
  },
  "image_size": [
    1280,
    1024
  ],
  "view_order": [
    "left",
    "right"
  ]
}